{"cameraMode":{"drawMode":0,"name":"Shaded","section":"Shading Mode"},"sceneLighting":true,"audioPlay":false,"sceneViewState":{"m_AlwaysRefresh":false,"showFog":true,"showSkybox":true,"showFlares":true,"showImageEffects":true,"showParticleSystems":true,"showVisualEffectGraphs":true,"m_FxEnabled":true},"in2DMode":false,"pivot":{"x":1.1591142416000367,"y":0.05000000447034836,"z":0.20856593549251557},"rotation":{"x":-0.2729840576648712,"y":0.6631280779838562,"z":-0.2845262885093689,"w":-0.6362291574478149},"size":4.081847190856934,"orthographic":false}